{
  "total": {
    "decompiled_ratio": 4.368380217136321e-05,
    "decompiled_bytes": 2512,
    "total_bytes": 57504152
  },
  "code": {
    "decompiled_ratio": 0.0016797764605171774,
    "decompiled_funcs_ratio": 0.003694126339120798,
    "decompiled_funcs": 10,
    "decompiled_bytes": 2496,
    "total_funcs": 2707,
    "total_bytes": 1485912
  },
  "data": {
    "decompiled_ratio": 2.8562125479129657e-07,
    "decompiled_bytes": 16,
    "total_bytes": 56018240
  },
  "git": {
    "commit_hash": "185cbed960a2a4db11738390711122d780d18a81",
    "commit_hash_short": "185cbed",
    "commit_timestamp": 1777836777
  }
}