{
  "total": {
    "decompiled_ratio": 4.369298083394872e-05,
    "decompiled_bytes": 2512,
    "total_bytes": 57492072
  },
  "code": {
    "decompiled_ratio": 0.0016797764605171774,
    "decompiled_funcs_ratio": 0.003687315634218289,
    "decompiled_funcs": 10,
    "decompiled_bytes": 2496,
    "total_funcs": 2712,
    "total_bytes": 1485912
  },
  "data": {
    "decompiled_ratio": 2.8568286059961976e-07,
    "decompiled_bytes": 16,
    "total_bytes": 56006160
  },
  "git": {
    "commit_hash": "831ecd2b454f7ab4a351f70d328e4f0fbbdeec87",
    "commit_hash_short": "831ecd2",
    "commit_timestamp": 1777940036
  }
}