{
  "total": {
    "decompiled_ratio": 4.368380217136321e-05,
    "decompiled_bytes": 2512,
    "total_bytes": 57504152
  },
  "code": {
    "decompiled_ratio": 0.0016797764605171774,
    "decompiled_funcs_ratio": 0.003694126339120798,
    "decompiled_funcs": 10,
    "decompiled_bytes": 2496,
    "total_funcs": 2707,
    "total_bytes": 1485912
  },
  "data": {
    "decompiled_ratio": 2.8562125479129657e-07,
    "decompiled_bytes": 16,
    "total_bytes": 56018240
  },
  "git": {
    "commit_hash": "29886b8ad05e914e03e96cb77b8d7565946ed076",
    "commit_hash_short": "29886b8",
    "commit_timestamp": 1777834724
  }
}