{
  "total": {
    "decompiled_ratio": 3.422361571387054e-05,
    "decompiled_bytes": 1968,
    "total_bytes": 57504152
  },
  "code": {
    "decompiled_ratio": 0.0013136713345070232,
    "decompiled_funcs_ratio": 0.0029553010712966383,
    "decompiled_funcs": 8,
    "decompiled_bytes": 1952,
    "total_funcs": 2707,
    "total_bytes": 1485912
  },
  "data": {
    "decompiled_ratio": 2.8562125479129657e-07,
    "decompiled_bytes": 16,
    "total_bytes": 56018240
  },
  "git": {
    "commit_hash": "b59400c7a8102a6539c7def2d611c416dfe1df6a",
    "commit_hash_short": "b59400c",
    "commit_timestamp": 1777825734
  }
}