{
  "total": {
    "decompiled_ratio": 4.369298083394872e-05,
    "decompiled_bytes": 2512,
    "total_bytes": 57492072
  },
  "code": {
    "decompiled_ratio": 0.0016797764605171774,
    "decompiled_funcs_ratio": 0.003683241252302026,
    "decompiled_funcs": 10,
    "decompiled_bytes": 2496,
    "total_funcs": 2715,
    "total_bytes": 1485912
  },
  "data": {
    "decompiled_ratio": 2.8568286059961976e-07,
    "decompiled_bytes": 16,
    "total_bytes": 56006160
  },
  "git": {
    "commit_hash": "98ae76a1ae669c0bb7d19e4344e27b8d73ebb029",
    "commit_hash_short": "98ae76a",
    "commit_timestamp": 1778081608
  }
}