{
  "total": {
    "decompiled_ratio": 2.7675260032421185e-05,
    "decompiled_bytes": 1588,
    "total_bytes": 57379768
  },
  "code": {
    "decompiled_ratio": 0.0011559986722030364,
    "decompiled_funcs_ratio": 0.0019171779141104294,
    "decompiled_funcs": 5,
    "decompiled_bytes": 1588,
    "total_funcs": 2608,
    "total_bytes": 1373704
  },
  "data": {
    "decompiled_ratio": 0.0,
    "decompiled_bytes": 0,
    "total_bytes": 56006064
  },
  "git": {
    "commit_hash": "63d8d906104f3e8165b261ee098bd539a88cd06d",
    "commit_hash_short": "63d8d90",
    "commit_timestamp": 1777750960
  }
}