{
  "total": {
    "decompiled_ratio": 0.00011806845298600475,
    "decompiled_bytes": 6788,
    "total_bytes": 57492072
  },
  "code": {
    "decompiled_ratio": 0.004557470428935226,
    "decompiled_funcs_ratio": 0.008103130755064457,
    "decompiled_funcs": 22,
    "decompiled_bytes": 6772,
    "total_funcs": 2715,
    "total_bytes": 1485912
  },
  "data": {
    "decompiled_ratio": 2.8568286059961976e-07,
    "decompiled_bytes": 16,
    "total_bytes": 56006160
  },
  "git": {
    "commit_hash": "2e76dce4ddf76e5c7aecbb139bdb5cc6ca76a76f",
    "commit_hash_short": "2e76dce",
    "commit_timestamp": 1779319532
  }
}